epoch,time,train/box_loss,train/cls_loss,train/dfl_loss,metrics/precision(B),metrics/recall(B),metrics/mAP50(B),metrics/mAP50-95(B),val/box_loss,val/cls_loss,val/dfl_loss,lr/pg0,lr/pg1,lr/pg2
1,3.87737,1.44469,3.20302,0.93995,0.01145,1,0.28468,0.22079,0.82339,3.36047,0.7849,0.00034296,0.00034296,0.00034296
2,6.10609,0.92362,1.17073,0.82298,0.01073,1,0.42148,0.33156,0.75936,2.8912,0.78508,0.000686346,0.000686346,0.000686346
3,8.22412,0.77019,0.77445,0.81527,1,0.39244,0.99498,0.83491,0.67106,2.01117,0.77329,0.00101558,0.00101558,0.00101558
4,10.3455,0.75237,0.66096,0.8083,0.99457,0.99698,0.995,0.80537,0.69642,1.067,0.77554,0.00133068,0.00133068,0.00133068
5,12.4311,0.63706,0.57562,0.80796,0.99256,1,0.995,0.80156,0.69728,0.79132,0.77144,0.00131582,0.00131582,0.00131582
6,14.5324,0.69923,0.57735,0.80986,0.99658,1,0.995,0.89859,0.49181,0.55284,0.75666,0.00128753,0.00128753,0.00128753
7,16.6468,0.63556,0.5404,0.79898,0.99702,1,0.995,0.72952,0.82746,0.47387,0.78268,0.00125923,0.00125923,0.00125923
8,18.7115,0.60235,0.52126,0.80661,0.99828,1,0.995,0.90361,0.43641,0.38623,0.75706,0.00123094,0.00123094,0.00123094
9,20.7771,0.53502,0.48345,0.79594,0.99862,1,0.995,0.89601,0.41256,0.34915,0.75549,0.00120265,0.00120265,0.00120265
10,22.7864,0.48151,0.46001,0.79367,0.99905,0.99994,0.995,0.9143,0.40985,0.33561,0.75527,0.00117435,0.00117435,0.00117435
11,24.8759,0.52214,0.45637,0.79262,0.99808,1,0.995,0.90528,0.43296,0.34281,0.75385,0.00114606,0.00114606,0.00114606
12,26.9739,0.52938,0.44698,0.79401,0.99921,1,0.995,0.90365,0.40925,0.32209,0.75752,0.00111776,0.00111776,0.00111776
13,29.0129,0.52583,0.44362,0.79006,0.99885,1,0.995,0.87339,0.4696,0.36388,0.7555,0.00108947,0.00108947,0.00108947
14,31.1014,0.49979,0.42636,0.78542,0.99806,1,0.995,0.91954,0.37633,0.32672,0.7538,0.00106118,0.00106118,0.00106118
15,33.1145,0.46537,0.39902,0.78923,0.99925,1,0.995,0.85204,0.47022,0.33387,0.75764,0.00103288,0.00103288,0.00103288
16,35.1213,0.44272,0.38315,0.78903,0.99882,1,0.995,0.83219,0.56847,0.34522,0.75993,0.00100459,0.00100459,0.00100459
17,37.1199,0.45949,0.38456,0.79985,0.99871,1,0.995,0.908,0.39216,0.31113,0.75257,0.000976293,0.000976293,0.000976293
18,39.2356,0.45511,0.37636,0.78174,0.99923,1,0.995,0.86177,0.50828,0.34435,0.75686,0.000947999,0.000947999,0.000947999
19,41.2668,0.41795,0.34929,0.79086,0.99835,1,0.995,0.86956,0.48133,0.30306,0.75733,0.000919704,0.000919704,0.000919704
20,43.3719,0.3991,0.33755,0.78027,0.99909,1,0.995,0.92434,0.36032,0.2777,0.75103,0.00089141,0.00089141,0.00089141
21,45.4034,0.42303,0.34354,0.77972,0.99912,1,0.995,0.91094,0.38956,0.29614,0.75064,0.000863116,0.000863116,0.000863116
22,47.4109,0.43634,0.35023,0.78206,0.99903,1,0.995,0.93756,0.33067,0.2909,0.74976,0.000834822,0.000834822,0.000834822
23,49.433,0.39465,0.3334,0.78602,0.99901,1,0.995,0.97098,0.28365,0.25954,0.74733,0.000806528,0.000806528,0.000806528
24,51.4463,0.40886,0.33231,0.79241,0.99927,1,0.995,0.95949,0.28172,0.25989,0.74807,0.000778233,0.000778233,0.000778233
25,53.4481,0.36519,0.30793,0.77581,0.99864,1,0.995,0.95865,0.29413,0.25328,0.74786,0.000749939,0.000749939,0.000749939
26,55.4863,0.36333,0.30364,0.78111,0.99924,1,0.995,0.9241,0.33919,0.26131,0.7493,0.000721645,0.000721645,0.000721645
27,57.5013,0.38576,0.31167,0.77897,0.99924,1,0.995,0.94131,0.30672,0.25493,0.74709,0.000693351,0.000693351,0.000693351
28,59.564,0.35978,0.29545,0.78029,0.99927,1,0.995,0.88484,0.44316,0.26738,0.75381,0.000665057,0.000665057,0.000665057
29,61.5794,0.39611,0.30212,0.78342,0.99909,1,0.995,0.8419,0.6076,0.31227,0.761,0.000636762,0.000636762,0.000636762
30,63.5786,0.40832,0.31404,0.78575,0.9991,1,0.995,0.89038,0.44521,0.2713,0.75151,0.000608468,0.000608468,0.000608468
31,65.6132,0.39993,0.30472,0.78228,0.99888,1,0.995,0.89593,0.41552,0.25847,0.75219,0.000580174,0.000580174,0.000580174
32,67.6392,0.34763,0.27733,0.77552,0.99936,1,0.995,0.9673,0.23986,0.22337,0.74517,0.00055188,0.00055188,0.00055188
33,69.6812,0.36568,0.28382,0.78174,0.99931,1,0.995,0.97951,0.22006,0.21632,0.74559,0.000523586,0.000523586,0.000523586
34,71.711,0.33914,0.27366,0.77705,0.99924,1,0.995,0.9545,0.2752,0.22816,0.74529,0.000495291,0.000495291,0.000495291
35,73.7101,0.34919,0.27667,0.77966,0.9991,1,0.995,0.9654,0.26163,0.23047,0.74473,0.000466997,0.000466997,0.000466997
36,75.7839,0.3591,0.27518,0.78038,0.99922,1,0.995,0.89997,0.40361,0.24514,0.75006,0.000438703,0.000438703,0.000438703
37,77.7804,0.30161,0.25084,0.77248,0.99925,1,0.995,0.90772,0.42165,0.24209,0.75017,0.000410409,0.000410409,0.000410409
38,79.8092,0.32632,0.26459,0.7799,0.99935,1,0.995,0.91443,0.39185,0.24321,0.74987,0.000382115,0.000382115,0.000382115
39,81.7848,0.31218,0.25702,0.77474,0.99939,1,0.995,0.93269,0.32311,0.22426,0.74562,0.00035382,0.00035382,0.00035382
40,83.8133,0.3177,0.25705,0.78528,0.99927,1,0.995,0.9522,0.27584,0.22181,0.74461,0.000325526,0.000325526,0.000325526
41,98.7727,0.33335,0.2643,0.77276,0.9993,1,0.995,0.98429,0.23375,0.22571,0.74217,0.000297232,0.000297232,0.000297232
42,100.817,0.29763,0.2541,0.77282,0.99922,1,0.995,0.98044,0.21068,0.21346,0.74306,0.000268938,0.000268938,0.000268938
43,102.805,0.27184,0.24173,0.76702,0.99931,1,0.995,0.98344,0.19883,0.19604,0.74402,0.000240644,0.000240644,0.000240644
44,104.877,0.26649,0.23911,0.77677,0.9993,1,0.995,0.97723,0.22449,0.2048,0.74355,0.000212349,0.000212349,0.000212349
45,106.844,0.25894,0.23225,0.7714,0.99924,1,0.995,0.98966,0.19248,0.1957,0.7439,0.000184055,0.000184055,0.000184055
46,108.849,0.24174,0.22567,0.77487,0.99923,1,0.995,0.96999,0.2361,0.1955,0.74349,0.000155761,0.000155761,0.000155761
47,110.902,0.24386,0.21965,0.7709,0.99931,1,0.995,0.95271,0.27691,0.19777,0.74529,0.000127467,0.000127467,0.000127467
48,112.899,0.23331,0.21575,0.7741,0.99933,1,0.995,0.96561,0.2476,0.19271,0.74433,9.91726e-05,9.91726e-05,9.91726e-05
49,114.934,0.2389,0.2177,0.77842,0.99922,1,0.995,0.98217,0.22201,0.19277,0.74309,7.08784e-05,7.08784e-05,7.08784e-05
50,116.927,0.22821,0.20613,0.77274,0.9992,1,0.995,0.97431,0.23077,0.19424,0.74297,4.25842e-05,4.25842e-05,4.25842e-05
